"id","secretID","text","createTime","authorMeta.id","authorMeta.secUid","authorMeta.name","authorMeta.nickName","authorMeta.verified","authorMeta.signature","authorMeta.avatar","authorMeta.following","authorMeta.fans","authorMeta.heart","authorMeta.video","authorMeta.digg","musicMeta.musicId","musicMeta.musicName","musicMeta.musicAuthor","musicMeta.musicOriginal","musicMeta.musicAlbum","musicMeta.playUrl","musicMeta.coverThumb","musicMeta.coverMedium","musicMeta.coverLarge","musicMeta.duration","covers.default","covers.origin","covers.dynamic","webVideoUrl","videoUrl","videoUrlNoWaterMark","videoApiUrlNoWaterMark","videoMeta.height","videoMeta.width","videoMeta.duration","diggCount","shareCount","playCount","commentCount","downloaded","mentions","hashtags"
"6926254252276845830","6926254252276845830","Something to cheer you up üòö #fyp #foryou #foryoupage #viral #bird",1612644245,"6811975525436752902","MS4wLjABAAAAF1oOXsFnV_zm9GFmAumnxYpDRFfGAaVB-mruwjVNJLuBYMd5cilBsM4bPcfo38Jx","kaja_macho","kajamacho",false,"Making you happy makes me happy üòÉ
IG: travelwithkaja 
üì©kajas7864@gmail.com","https://p16-sign-va.tiktokcdn.com/musically-maliva-obj/65051bb55d57fbd6fd292126e00e4528~c5_1080x1080.jpeg?x-expires=1619708400&x-signature=jX1S4UqtCeZb0vsIgkVRUcS3P4Y%3D",111,2000000,36000000,728,4423,"15932671","Original Sound","Unknown",false,"","https://sf16-ies-music-va.tiktokcdn.com/obj/musically-maliva-obj/6882582969677138693.mp3","","","",0,"https://p16-sign-va.tiktokcdn.com/tos-maliva-p-0068/2a7edf8cc5374edab2211f8591b78bb2_1612646040~tplv-dmt-logom:tos-maliva-p-0000/0845a04f1ad44c8ba033d893135d4df3.image?x-expires=1619643600&x-signature=aqrq1mAMQb6qkDniwz8LoedzU%2BU%3D","https://p77-sign-va.tiktokcdn.com/obj/tos-maliva-p-0068/b5ca57cae247429da0a2ee34add2688f_1612644248?x-expires=1619643600&x-signature=7AYiINWX2UW8VP49EtRDTVMpKUM%3D","https://p16-sign-va.tiktokcdn.com/obj/tos-maliva-p-0068/2f86b79073394b8990411f8aacb24c48_1612644248?x-expires=1619643600&x-signature=YUfxqoopGz0wjrI5VY2WX7rss7Y%3D","https://www.tiktok.com/@kaja_macho/video/6926254252276845830","https://v77.tiktokcdn.com/e575c5ccdcf5f2069ae16c7e332f1dbe/6089d2af/video/tos/useast2a/tos-useast2a-ve-0068c002/9de4fa9be37a430fafd558fd21c043f4/?a=1233&br=3478&bt=1739&cd=0%7C0%7C1&ch=0&cr=0&cs=0&cv=1&dr=0&ds=3&er=&l=202104281524530101880322235E096D1D&lr=tiktok_m&mime_type=video_mp4&net=0&pl=0&qs=0&rc=anA2bGxvZzdpMzMzNTczM0ApZ2llNTU7Z2VpN2ZnOzc2NWdgZl9kaDFic2NgLS1jMTZzc2IyLy1fYF9eLV4xYy9eXjQ6Yw%3D%3D&vl=&vr=","","",1024,576,9,580800,79000,5600000,6745,false,"[]","[{""id"":""229207"",""name"":""fyp"",""title"":"""",""cover"":""""},{""id"":""42164"",""name"":""foryou"",""title"":"""",""cover"":""""},{""id"":""88764338"",""name"":""foryoupage"",""title"":"""",""cover"":""""},{""id"":""20884"",""name"":""viral"",""title"":"""",""cover"":""""},{""id"":""12575"",""name"":""bird"",""title"":"""",""cover"":""""}]"
"6931668322652130566","6931668322652130566","I superglued his phone to his shoe... ü§£ #pranks #pranksworld #superglue",1613904823,"6632299465700458501","MS4wLjABAAAA89Gixnr6pHZYXnoRS9sGEQzlIB7eBcmfawt3X8MvOAUJE3ngf3z-DwFSS0V-EBvE","woodyandkleiny","woodyandkleiny",true,"FOLLOW US üëÜü§©","https://p16-sign-sg.tiktokcdn.com/aweme/1080x1080/tos-alisg-avt-0068/86694b4aef57064fb1dee4978d250cf6.jpeg?x-expires=1619708400&x-signature=MKD3NwTtwLIP83GQN4CPxxLRS84%3D",85,4900000,97000000,234,641,"6746993352891189249","Monkeys Spinning Monkeys","Kevin MacLeod",false,"Monkeys Spinning Monkeys","https://sf77-ies-music-sg.tiktokcdn.com/obj/tiktok-obj/a7c68545b238686d79179e25ee990183.m4a","https://p16-sg.tiktokcdn.com/aweme/100x100/tos-alisg-i-0000/35eb9d866b2c47d4811132f3c3fa904c.jpeg","https://p16-sg.tiktokcdn.com/aweme/200x200/tos-alisg-i-0000/35eb9d866b2c47d4811132f3c3fa904c.jpeg","https://p16-sg.tiktokcdn.com/aweme/720x720/tos-alisg-i-0000/35eb9d866b2c47d4811132f3c3fa904c.jpeg",60,"https://p16-sign-va.tiktokcdn.com/obj/tos-maliva-p-0068/81299a01fc504b1a904d05319274457d?x-expires=1619643600&x-signature=rPUYKqerYPCfdSbX37vytk3qhQY%3D","https://p16-sign-va.tiktokcdn.com/obj/tos-maliva-p-0068/ba720385a0364df98b53b0f458663143_1613904824?x-expires=1619643600&x-signature=9kEytEfSv98BBVApeKr4GR8xXNI%3D","https://p16-sign-va.tiktokcdn.com/obj/tos-maliva-p-0068/a74153e7118f4ad99e3d8ee32813f0c7_1613904824?x-expires=1619643600&x-signature=QlSo19wwOTsl0NOPIW%2BeBxOghwg%3D","https://www.tiktok.com/@woodyandkleiny/video/6931668322652130566","https://v77.tiktokcdn.com/c59722f14303e2a6e8656fc3bd6db198/6089d2be/video/tos/useast2a/tos-useast2a-pve-0068/873381facc08467ca398b08c0c9c4093/?a=1233&br=2484&bt=1242&cd=0%7C0%7C1&ch=0&cr=0&cs=0&cv=1&dr=0&ds=3&er=&l=202104281524530101880322235E096D1D&lr=tiktok_m&mime_type=video_mp4&net=0&pl=0&qs=0&rc=ajRqbGxvZzw2MzMzNTczM0ApZTs5Njw2ZmU3N2VlOGU3OWdsYjVkaDFia21gLS1jMTZzczZiXy8xXl81YWJeMjMwLWI6Yw%3D%3D&vl=&vr=","","",960,540,25,256100,1307,3300000,916,false,"[]","[{""id"":""156717"",""name"":""pranks"",""title"":"""",""cover"":""""},{""id"":""1643020918445058"",""name"":""pranksworld"",""title"":"""",""cover"":""""},{""id"":""2583175"",""name"":""superglue"",""title"":"""",""cover"":""""}]"
"6952063393943571717","6952063393943571717","Too many memeable moments ü§¶üèª‚Äç‚ôÇÔ∏èüòÇ üòÇ #RJ #gta #viral #london #police #fy #foryou #foryoupage",1618653402,"6839022961607017478","MS4wLjABAAAAsbxJgs-seLJD_SsOxmJpHtUmMUPNGrjkxDiNkJzxnBDCdSuy6WMjKIJstf7WAx2s","mralexlarsson","Alex Larsson",false,"Ig : mralexlarsson","https://p16-sign-sg.tiktokcdn.com/aweme/1080x1080/tos-alisg-avt-0068/b4a79d90cd2d7be37362876184f4e23a.jpeg?x-expires=1619708400&x-signature=qHaitqaWdWd1lIcOsMuEduk4IcA%3D",0,24500,1500000,22,12,"135257376298844160","Run","AWOLNATION",false,"Run","https://sf16-ies-music-sg.tiktokcdn.com/obj/tiktok-obj/b0de6db9c52db60d27d24c27a885f98f.mp3","https://p16-sg.tiktokcdn.com/aweme/100x100/tos-alisg-i-0000/ee9b9a05438e4fd1ab9d0e753074bb73.jpeg","https://p16-sg.tiktokcdn.com/aweme/200x200/tos-alisg-i-0000/ee9b9a05438e4fd1ab9d0e753074bb73.jpeg","https://p16-sg.tiktokcdn.com/aweme/720x720/tos-alisg-i-0000/ee9b9a05438e4fd1ab9d0e753074bb73.jpeg",15,"https://p16-sign-va.tiktokcdn.com/obj/tos-maliva-p-0068/d4183dfa51a445309d155318f8da24af_1618653403?x-expires=1619643600&x-signature=x5zcKCnrs%2Fno1Yb9N4Gq9nYqoGk%3D","https://p16-sign-va.tiktokcdn.com/obj/tos-maliva-p-0068/86da46042cd0418da6b5e5bc7a24725c_1618653403?x-expires=1619643600&x-signature=GrP3tT9jlBaAn%2BxhuwnJV%2BJIyTc%3D","https://p16-sign-va.tiktokcdn.com/obj/tos-maliva-p-0068/d4029b16a5fe4425a9c9c8265c890262_1618653404?x-expires=1619643600&x-signature=FyrWejT8jaeUejdYLvEoIOA1boc%3D","https://www.tiktok.com/@mralexlarsson/video/6952063393943571717","https://v77.tiktokcdn.com/94f2c9d61abdb59102bad1a15b609fc4/6089d2b2/video/tos/useast2a/tos-useast2a-ve-0068c003/2454db6bef024aa995f252823bf78f4f/?a=1233&br=4214&bt=2107&cd=0%7C0%7C1&ch=0&cr=0&cs=0&cv=1&dr=0&ds=3&er=&l=202104281524530101880322235E096D1D&lr=tiktok_m&mime_type=video_mp4&net=0&pl=0&qs=0&rc=M2UzPDZ3MzdlNDMzNzczM0ApNjllZWlkNTs1NzwzOzg4NmdfcjFsaGpjLnFgLS1kMTZzczE2L2BgMWAwYTEwMy82MjM6Yw%3D%3D&vl=&vr=","","",1024,576,13,50300,7221,2500000,1430,false,"[]","[{""id"":""3131"",""name"":""rj"",""title"":"""",""cover"":""""},{""id"":""4289"",""name"":""gta"",""title"":"""",""cover"":""""},{""id"":""20884"",""name"":""viral"",""title"":"""",""cover"":""""},{""id"":""5609"",""name"":""london"",""title"":"""",""cover"":""""},{""id"":""10622"",""name"":""police"",""title"":"""",""cover"":""""},{""id"":""153828"",""name"":""fy"",""title"":"""",""cover"":""""},{""id"":""42164"",""name"":""foryou"",""title"":"""",""cover"":""""},{""id"":""88764338"",""name"":""foryoupage"",""title"":"""",""cover"":""""}]"
"6948447154373463302","6948447154373463302","#justforfun #cutthealcohol #imfamna #fyp #f√∂rdig",1617811426,"6881912064165938181","MS4wLjABAAAAWSrqBetwVxzGEL3zXfAa1LMqJq3TyLdtOrc44xEPmF5UbhjmRMirGV7GfMrdg0VW","rmareskar","Ronnie Maresk√§r",false,"Just for fun üá∏üá™ Be kind üëä","https://p77-sign-va.tiktokcdn.com/tos-maliva-avt-0068/eec30b5d8e1e2897bc39f9fa4b4564f7~c5_1080x1080.jpeg?x-expires=1619708400&x-signature=tAWC3JLgW%2BYRVWDfG%2BAt1SY%2F2No%3D",1999,4804,47000,218,4273,"6896429825410583297","original sound","Priscilla Opoku Appiah",true,"","https://sf77-ies-music-sg.tiktokcdn.com/obj/tiktok-obj/6896429785543723778.mp3","https://p16-sign-va.tiktokcdn.com/tos-maliva-avt-0068/ec33d001c12ad8f71abaaed3499dd6e5~c5_100x100.jpeg?x-expires=1619708400&x-signature=yVxZM08VKQ7T%2BnRG7DOxFtjbSps%3D","https://p16-sign-va.tiktokcdn.com/tos-maliva-avt-0068/ec33d001c12ad8f71abaaed3499dd6e5~c5_720x720.jpeg?x-expires=1619708400&x-signature=r9cJE59P4VpFL2WHqsZgQdrYhB0%3D","https://p16-sign-va.tiktokcdn.com/tos-maliva-avt-0068/ec33d001c12ad8f71abaaed3499dd6e5~c5_1080x1080.jpeg?x-expires=1619708400&x-signature=6nLxl%2BOytHegy%2BaDI51CbigRriw%3D",10,"https://p77-sign-va.tiktokcdn.com/obj/tos-maliva-p-0068/0bd6803734d64e74acb9eb5456d691ae?x-expires=1619643600&x-signature=I0LpZSzFqxnxzHlzBjUFeUkonxU%3D","https://p77-sign-va.tiktokcdn.com/obj/tos-maliva-p-0068/286146e0bae64a88b990cea70a2eb1c4_1617811429?x-expires=1619643600&x-signature=KFXn%2FxdsSYAWxx9mKb%2BFGitjTYk%3D","https://p16-sign-va.tiktokcdn.com/obj/tos-maliva-p-0068/d5ac2b8e19ed48528eab39fa5c58af3d_1617811439?x-expires=1619643600&x-signature=T65AWsYfsFoPZmx3F57x%2BEzuQGY%3D","https://www.tiktok.com/@rmareskar/video/6948447154373463302","https://v77.tiktokcdn.com/bb1b757c0101ab8fe1b306ac355aba13/6089d2b0/video/tos/useast2a/tos-useast2a-ve-0068c001/c54d91338f6148ad841b2d0af53c6a60/?a=1233&br=1738&bt=869&cd=0%7C0%7C1&ch=0&cr=0&cs=0&cv=1&dr=0&ds=3&er=&l=202104281524530101880322235E096D1D&lr=tiktok_m&mime_type=video_mp4&net=0&pl=0&qs=0&rc=ajQ0OGZsZnJ3NDMzNzczM0ApPDg5OTg4Zjs7Nzg0MzQ7aGdfZnAyYV4tY2pgLS1kMTZzczMwYjNgNmE2MWIxXy4yMDE6Yw%3D%3D&vl=&vr=","","",1024,576,10,27900,9010,895500,1409,false,"[]","[{""id"":""18758"",""name"":""justforfun"",""title"":"""",""cover"":""""},{""id"":""1694512410568709"",""name"":""cutthealcohol"",""title"":"""",""cover"":""""},{""id"":""1691743721633797"",""name"":""imfamna"",""title"":"""",""cover"":""""},{""id"":""229207"",""name"":""fyp"",""title"":"""",""cover"":""""},{""id"":""16237969"",""name"":""f√∂rdig"",""title"":"""",""cover"":""""}]"
"6948859921303751941","6948859921303751941","#cantparktheremate #foryoupage #AirPodsJUMP #LiveForTheChallenge #carcrash #carwreck #viral #how",1617907531,"6788641806763869190","MS4wLjABAAAAx4Q7JDx7yMmZtj4wlK-8a1WX1OEo7fdDF7fxIDAkdLepmlS64tO5wgNXBNI48Sv_","classcarti","class",false,"Remember nobody cares
Follow my tinder","https://p16-sign-va.tiktokcdn.com/tos-maliva-avt-0068/c2929498088bef2a29cba0b3f71126cd~c5_1080x1080.jpeg?x-expires=1619708400&x-signature=zqNVxOK0isbcq32Zsw4Wia64irc%3D",107,59800,1200000,19,4209,"6839090806238743301","original sound","Ihsan Khan",true,"","https://sf16-ies-music-va.tiktokcdn.com/obj/musically-maliva-obj/6839090784872958725.mp3","https://p77-sign-va.tiktokcdn.com/musically-maliva-obj/1669647326863366~c5_100x100.jpeg?x-expires=1619708400&x-signature=9%2BOzpc2dilByKEGc7cDU%2FWJmD5U%3D","https://p16-sign-va.tiktokcdn.com/musically-maliva-obj/1669647326863366~c5_720x720.jpeg?x-expires=1619708400&x-signature=jhfpkmNQtKesUT8UEVZYch8fW1M%3D","https://p77-sign-va.tiktokcdn.com/musically-maliva-obj/1669647326863366~c5_1080x1080.jpeg?x-expires=1619708400&x-signature=PTkmFytriy6Fo8uTFtuWw%2BN2%2FLs%3D",36,"https://p16-sign-sg.tiktokcdn.com/obj/tos-alisg-p-0037/8255a535f58c47e389be2f797a880a7b_1617907533?x-expires=1619643600&x-signature=DDTFLD%2BF%2FV5Lze8X74fBhd0kpYc%3D","https://p16-sign-sg.tiktokcdn.com/obj/tos-alisg-p-0037/75a32825317a4559b0564822f67d70f6_1617907533?x-expires=1619643600&x-signature=%2B7106kUMsFOju7PP2qfEsXEFUkU%3D","https://p77-sign-sg.tiktokcdn.com/obj/tos-alisg-p-0037/5f946f6eb20842308e0519268aa8e9a8_1617907534?x-expires=1619643600&x-signature=fBBvkVFWcenANIFt4Yr7VXAzyg8%3D","https://www.tiktok.com/@classcarti/video/6948859921303751941","https://v77.tiktokcdn.com/ca134edc5ce0be23d790ad87e1474ecc/6089d2b3/video/tos/alisg/tos-alisg-pve-0037c001/f69c4e0b11794f00a917662a0c615a6c/?a=1233&br=4568&bt=2284&cd=0%7C0%7C1&ch=0&cr=0&cs=0&cv=1&dr=0&ds=3&er=&l=202104281524530101880322235E096D1D&lr=tiktok_m&mime_type=video_mp4&net=0&pl=0&qs=0&rc=Mzw4eTk4NTVuNDMzODczM0ApNTRlNTk2NWQ1NzloNzs8OGdqXm0uZi0tcmtgLS1kMTRzc2EtNWBhYV80MDUtLjJgYGE6Yw%3D%3D&vl=&vr=","","",1024,576,13,144800,23900,1800000,2344,false,"[]","[{""id"":""1660998223538182"",""name"":""cantparktheremate"",""title"":"""",""cover"":""""},{""id"":""88764338"",""name"":""foryoupage"",""title"":"""",""cover"":""""},{""id"":""21869"",""name"":""carcrash"",""title"":"""",""cover"":""""},{""id"":""31313"",""name"":""carwreck"",""title"":"""",""cover"":""""},{""id"":""20884"",""name"":""viral"",""title"":"""",""cover"":""""},{""id"":""6430"",""name"":""how"",""title"":"""",""cover"":""""}]"
"6922905052361395462","6922905052361395462","When you walk past a big puddle... üöòüí¶ #ohno",1611864450,"7835848","MS4wLjABAAAA1c2PR-vaVMl8C9GMrMZpKii3MwD8tfavNmGcvj44IGg","jeremylynch","JeremyLynch",true,"IRONMAN GIVEAWAY! üëâüèΩ https://www.facebook.com/jeremylynchofficial","https://p16-sign-sg.tiktokcdn.com/aweme/1080x1080/tos-alisg-avt-0068/92d761da65acd6802838863c744bb315.jpeg?x-expires=1619708400&x-signature=LWbRXc0XKlpxEmQwcsvz%2FWeH514%3D",434,7800000,157800000,462,5628,"6586947002464996102","Oh No","Kreepa",false,"Cold As Ice","https://sf16-ies-music-sg.tiktokcdn.com/obj/tiktok-obj/e23a18fca259ad56165d59f6179e0898.mp3","https://p16-sg.tiktokcdn.com/aweme/100x100/tos-alisg-v-2102/b32f105094eb48cc9646645093a5f2b8.jpeg","https://p16-sg.tiktokcdn.com/aweme/200x200/tos-alisg-v-2102/b32f105094eb48cc9646645093a5f2b8.jpeg","https://p16-sg.tiktokcdn.com/aweme/720x720/tos-alisg-v-2102/b32f105094eb48cc9646645093a5f2b8.jpeg",166,"https://p77-sign-va.tiktokcdn.com/tos-maliva-p-0068/010f3c15f81a406dba3877e0bef24b61~tplv-dmt-logom:tos-maliva-p-0000/fc634d2308374b25a0c0b39d26c2366e.image?x-expires=1619643600&x-signature=ET04MiB0QdlnadsfrKzLAVV8Sec%3D","https://p77-sign-va.tiktokcdn.com/obj/tos-maliva-p-0068/56492623836e472d9207d71905dad7e5_1611864495?x-expires=1619643600&x-signature=mA3Qn94PCbJtP7ymPsgaIZWkYOc%3D","https://p16-sign-va.tiktokcdn.com/obj/tos-maliva-p-0068/4aac824dcb4f446691d5583e7a4e802a_1611864458?x-expires=1619643600&x-signature=x8b584VnFiXke5XB8PkwUp8Rd0s%3D","https://www.tiktok.com/@jeremylynch/video/6922905052361395462","https://v77.tiktokcdn.com/8fec5b8049f844b448b1ffa31c89735a/6089d2b2/video/tos/useast2a/tos-useast2a-ve-0068c003/99e592f4ed11417e90828d3f44ff0b84/?a=1233&br=3542&bt=1771&cd=0%7C0%7C1&ch=0&cr=0&cs=0&cv=1&dr=0&ds=3&er=&l=202104281524530101880322235E096D1D&lr=tiktok_m&mime_type=video_mp4&net=0&pl=0&qs=0&rc=anVlbHY6cHhrMzMzOjczM0ApOGVkN2lmZGU1NzNoZTw8N2dgci5wMGM0ZjZgLS00MTZzc2MtYzQxMDYzXmMyY2FhYjQ6Yw%3D%3D&vl=&vr=","","",1024,576,12,670300,8045,9100000,7501,false,"[]","[{""id"":""2357"",""name"":""ohno"",""title"":""Oh no, show us those moments that didn't turn out well."",""cover"":""https://p16-amd-va.tiktokcdn.com/obj/musically-maliva-obj/a6b2700b0e27883dd3fe3e0b4a80d57d""}]"
"6954603179136912645","6954603179136912645","#foryoupage #foryou #fyp #funny #tiktokdogs #dog #tiktokviral #voiceover #tik_tok #trending #viral #dogsoftiktok #",1619244744,"6817862434938979334","MS4wLjABAAAARjCG1fHx5GT3Ol3BMcEBcCPYcKXxhadj4cKBJ__Ei_HfdFWKfSsWVRvOiy2y555r","lazbomb","user3739024154812",false,"Millie, Daisy & Friends

üëâPlease view our YouTube pageüëà
üòÄüòÄüòÄüòÄüòÄüòÄüòÄüòÄüòÄüòÄ","https://p16-sign-va.tiktokcdn.com/tos-maliva-avt-0068/2559bbbbccf57a78291a9a5f2e8cf70a~c5_1080x1080.jpeg?x-expires=1619708400&x-signature=gQcVn%2FChVejvOE4VkzTRx%2BRFAGs%3D",269,289500,4200000,114,718,"6954602893097863941","original sound","user3739024154812",true,"","https://sf77-ies-music-va.tiktokcdn.com/obj/musically-maliva-obj/6954603068730477317.mp3","https://p16-sign-va.tiktokcdn.com/tos-maliva-avt-0068/2559bbbbccf57a78291a9a5f2e8cf70a~c5_100x100.jpeg?x-expires=1619708400&x-signature=sm6hR93aVckFaiz%2B3XXfziFU3vk%3D","https://p77-sign-va.tiktokcdn.com/tos-maliva-avt-0068/2559bbbbccf57a78291a9a5f2e8cf70a~c5_720x720.jpeg?x-expires=1619708400&x-signature=eYEoyuyofzSlo9810dAp4GHS%2FEE%3D","https://p16-sign-va.tiktokcdn.com/tos-maliva-avt-0068/2559bbbbccf57a78291a9a5f2e8cf70a~c5_1080x1080.jpeg?x-expires=1619708400&x-signature=gQcVn%2FChVejvOE4VkzTRx%2BRFAGs%3D",10,"https://p16-sign-sg.tiktokcdn.com/obj/tos-alisg-p-0037/f56e36623bb74f63a4388ea9d06e7e15?x-expires=1619643600&x-signature=izSO5oUF7BuowHU%2FCISnamqc%2FGI%3D","https://p16-sign-sg.tiktokcdn.com/obj/tos-alisg-p-0037/15468b48ee1a42008a18a7b3c777d2b9_1619244746?x-expires=1619643600&x-signature=jUZgUq6viTwkmPr1O2ra2aqPjlQ%3D","https://p16-sign-sg.tiktokcdn.com/obj/tos-alisg-p-0037/b8f46ac3aa624282b892f864de2f423a_1619244746?x-expires=1619643600&x-signature=unyPALAkBRcX3NUcJSKnMZBTvWM%3D","https://www.tiktok.com/@lazbomb/video/6954603179136912645","https://v77.tiktokcdn.com/f017f242f18728665cf43f60cbd2647b/6089d2af/video/tos/alisg/tos-alisg-pve-0037c001/b8462d81976442de931d27061ccd00eb/?a=1233&br=728&bt=364&cd=0%7C0%7C1&ch=0&cr=0&cs=0&cv=1&dr=0&ds=3&er=&l=202104281524530101880322235E096D1D&lr=tiktok_m&mime_type=video_mp4&net=0&pl=0&qs=0&rc=M3Zzd2d4cWt1NTMzODczM0ApZjs0PDZoOTwzNzg5NTw6ZGdgczQ2amxpYS5gLS1kMTRzc2NhNTYzLjNjYy0uNC42LzA6Yw%3D%3D&vl=&vr=","","",576,576,10,82400,17100,976000,1624,false,"[]","[{""id"":""88764338"",""name"":""foryoupage"",""title"":"""",""cover"":""""},{""id"":""42164"",""name"":""foryou"",""title"":"""",""cover"":""""},{""id"":""229207"",""name"":""fyp"",""title"":"""",""cover"":""""},{""id"":""5424"",""name"":""funny"",""title"":"""",""cover"":""""},{""id"":""1603031435426822"",""name"":""tiktokdogs"",""title"":""Woof."",""cover"":""https://p16-amd-va.tiktokcdn.com/obj/musically-maliva-obj/349ccb62ffb2416f750f25156fde25dc""},{""id"":""6221"",""name"":""dog"",""title"":"""",""cover"":""""},{""id"":""86427221"",""name"":""tiktokviral"",""title"":"""",""cover"":""""},{""id"":""21465"",""name"":""voiceover"",""title"":""Voice Over for videos? We've got that. Try our new #VoiceOver feature, and tell us what's going on in your world. üó£Ô∏è"",""cover"":""https://p16-amd-va.tiktokcdn.com/obj/musically-maliva-obj/8a16a872194342b3902b15c5ebfd7b85""},{""id"":""517817"",""name"":""tik_tok"",""title"":"""",""cover"":""""},{""id"":""20105"",""name"":""trending"",""title"":"""",""cover"":""""},{""id"":""20884"",""name"":""viral"",""title"":"""",""cover"":""""},{""id"":""1587543376171009"",""name"":""dogsoftiktok"",""title"":""Ruff. Here's to all the #DogsOfTikTok."",""cover"":""""}]"
"6955466975149640965","6955466975149640965","#üáÆüáπPerfavore non fare questo con la Pizzaüò≠üò≠ #üá∫üá∏Please don‚Äôt do that with Pizza üò≠üò≠ #LearnFromKhabi #LearnWithTikTok #ImparaConTikTok #pizza",1619445857,"127905465618821121","MS4wLjABAAAAwAg0rSzO65WQfz4RzQgGv2Xdv108BgPXhRrrmNVIHQZ9PO8-flwwRtEppYTS0OjA","khaby.lame","Khabane lame",true,"Se volete ridere siete nel posto giusto üòéüá∏üá≥üáÆüáπ

 üì• khaby@theakkademia.com","https://p16-sign-va.tiktokcdn.com/tos-maliva-avt-0068/30107337091e90a33da10d6ce1815bb1~c5_1080x1080.jpeg?x-expires=1619708400&x-signature=bryX9zMo2hfMFWxtRiU6zbCJwis%3D",41,29000000,423400000,853,4348,"6955466815762287366","suono originale","Khabane lame",true,"","https://sf16-ies-music-va.tiktokcdn.com/obj/musically-maliva-obj/6955466907709459206.mp3","https://p16-sign-va.tiktokcdn.com/tos-maliva-avt-0068/30107337091e90a33da10d6ce1815bb1~c5_100x100.jpeg?x-expires=1619708400&x-signature=U22I6bQYG1KTO936OwwLJWZpCWA%3D","https://p16-sign-va.tiktokcdn.com/tos-maliva-avt-0068/30107337091e90a33da10d6ce1815bb1~c5_720x720.jpeg?x-expires=1619708400&x-signature=TS4DEsElknKDCefS%2BHVfGTvX2X4%3D","https://p16-sign-va.tiktokcdn.com/tos-maliva-avt-0068/30107337091e90a33da10d6ce1815bb1~c5_1080x1080.jpeg?x-expires=1619708400&x-signature=bryX9zMo2hfMFWxtRiU6zbCJwis%3D",19,"https://p16-sign-va.tiktokcdn.com/obj/tos-maliva-p-0068/52628d848d0f4ac394ca611c9f383126_1619445858?x-expires=1619643600&x-signature=NWhJn01mR2Jn%2BFPhiT0t3%2FG1j6c%3D","https://p16-sign-va.tiktokcdn.com/obj/tos-maliva-p-0068/3bb40fe9ec68494095ecf414c8e0472a_1619445859?x-expires=1619643600&x-signature=Vd%2FIaA%2B4usiF%2FlsnaW1JwvBAAVs%3D","https://p16-sign-va.tiktokcdn.com/obj/tos-maliva-p-0068/a0ce3bb3688642268bad59eb6be46791_1619445859?x-expires=1619643600&x-signature=HTJem7svC%2BeFwbnWs64qbaMVBFE%3D","https://www.tiktok.com/@khaby.lame/video/6955466975149640965","https://v77.tiktokcdn.com/e8d51cf7d52755d885f5e2748e876864/6089d2b9/video/tos/useast2a/tos-useast2a-pve-0068/b589b54b22334fcb87dc4570097e2593/?a=1233&br=1998&bt=999&cd=0%7C0%7C1&ch=0&cr=0&cs=0&cv=1&dr=0&ds=3&er=&l=202104281524530101880322235E096D1D&lr=tiktok_m&mime_type=video_mp4&net=0&pl=0&qs=0&rc=ajhvODRrdW1mNTMzNzczM0ApO2Q8PDk2aDs6N2hpZzc1ZGdgaC5qbS5yZDBgLS1kMTZzczEuYTEvYF8wNS4xMTExY2M6Yw%3D%3D&vl=&vr=","","",1024,576,20,9000000,68900,70600000,72800,false,"[]","[{""id"":""1698111844087813"",""name"":""üáÆüáπperfavore"",""title"":"""",""cover"":""""},{""id"":""1698111772864517"",""name"":""üá∫üá∏please"",""title"":"""",""cover"":""""},{""id"":""1697684187441158"",""name"":""learnfromkhabi"",""title"":"""",""cover"":""""},{""id"":""1640462912242689"",""name"":""learnwithtiktok"",""title"":"""",""cover"":""""},{""id"":""1667285707575302"",""name"":""imparacontiktok"",""title"":""Tutti abbiamo qualcosa da insegnare, e TikTok √® il posto giusto per condividere la tua conoscenza con il mondo intero! Svelaci i tuoi segreti su contenuti educativi con #imparacontiktok. Cucina, fitness, scienza, cultura, motivation, lifehack e‚Ä¶faccelo scoprire tu! Potrai essere ripostato sui nostri social ufficiali! üöÄ"",""cover"":""""},{""id"":""7090"",""name"":""pizza"",""title"":"""",""cover"":""""}]"
"6945135027030248710","6945135027030248710","ü§£ü§£ü§£ #realmanclanüíô #foryoupage #VIP‚ù§Ô∏èinkedsquad",1617040261,"6781352033015776262","MS4wLjABAAAAPqnB-4jprccR2dlxaQWnKOiAZkYI3bLhiz4ynEpE7GKu-a-UtFWQaA3dMAasuMNZ","dantheman8686","Truck man dan üöõüí®",false,"üëª danprogreen üëª
üè¥Û†ÅßÛ†Å¢Û†Å∑Û†Å¨Û†Å≥Û†ÅøAberystwythüè¥Û†ÅßÛ†Å¢Û†Å∑Û†Å¨Û†Å≥Û†Åø
‚¨áÔ∏èclick below‚¨áÔ∏è","https://p16-sign-va.tiktokcdn.com/tos-maliva-avt-0068/4a689e3a6b4adf075358a68158082b88~c5_1080x1080.jpeg?x-expires=1619708400&x-signature=%2FPT1i375NRijNF46u5B8QrjsawI%3D",3002,96000,956400,1043,53800,"6883231576688724738","original sound","Jack Chapman",true,"","https://sf77-ies-music-sg.tiktokcdn.com/obj/tiktok-obj/6883231505695378177.mp3","https://p16-sign-sg.tiktokcdn.com/aweme/100x100/tos-alisg-avt-0068/5ca20ece9441784c6c358fbc4434bdfd.jpeg?x-expires=1619708400&x-signature=tL2ON%2B5dbI%2FcYfZ6c6jpaUEBp98%3D","https://p16-sign-sg.tiktokcdn.com/aweme/720x720/tos-alisg-avt-0068/5ca20ece9441784c6c358fbc4434bdfd.jpeg?x-expires=1619708400&x-signature=1NqLXnyDOgXYHHAY1W4qqKm%2Bmug%3D","https://p77-sign-sg.tiktokcdn.com/aweme/1080x1080/tos-alisg-avt-0068/5ca20ece9441784c6c358fbc4434bdfd.jpeg?x-expires=1619708400&x-signature=BaAIKQ%2B6GrwuMb%2FiHFYwU3izvQw%3D",9,"https://p77-sign-va.tiktokcdn.com/obj/tos-maliva-p-0068/7a1574d30cf841c4bfb6e73c23f22a84?x-expires=1619643600&x-signature=L9Nb5XduqtwEiOKWO25jIlFpRtM%3D","https://p16-sign-va.tiktokcdn.com/obj/tos-maliva-p-0068/05d13bc57fb241ecaf26cad34311424e_1617040269?x-expires=1619643600&x-signature=sii5mEcz5ywfALNJkSVTPvjc3%2BA%3D","https://p16-sign-va.tiktokcdn.com/obj/tos-maliva-p-0068/37d522f18e364a28a6cf2a3ce2499e01_1617040268?x-expires=1619643600&x-signature=28sUwlq3CDdTjfH4Amgi4DHmaek%3D","https://www.tiktok.com/@dantheman8686/video/6945135027030248710","https://v77.tiktokcdn.com/f7ea6bdf9be3d69ad8dc50c2c9252a47/6089d2af/video/tos/useast2a/tos-useast2a-ve-0068c002/f5d32ee7625240daa678df238ed6eb64/?a=1233&br=4644&bt=2322&cd=0%7C0%7C1&ch=0&cr=0&cs=0&cv=1&dr=0&ds=3&er=&l=202104281524530101880322235E096D1D&lr=tiktok_m&mime_type=video_mp4&net=0&pl=0&qs=0&rc=M215Mzc8dDM0NDMzODczM0ApOjpkNzc0Njs0Nzk1aTw8ZWdjaTJra3NvNGVgLS0zMTZzczM0Nl9eLWIvYWNhL18tYF86Yw%3D%3D&vl=&vr=","","",1024,576,9,46000,3066,989100,723,false,"[]","[{""id"":""1679974281196545"",""name"":""realmanclanüíô"",""title"":"""",""cover"":""""},{""id"":""88764338"",""name"":""foryoupage"",""title"":"""",""cover"":""""},{""id"":""1691938597791749"",""name"":""vip‚ù§Ô∏èinkedsquad"",""title"":"""",""cover"":""""}]"
"6952535338459860230","6952535338459860230","Let‚Äôs do this! #transition #tutorial",1618763281,"175468248220520448","MS4wLjABAAAAlURCMlyMMr4tOsL3wE252EzKfztMKbait7KR2Me2Gk3gpYddTS2fM4d4QDRdXM1J","itzshauni","Shauni ü¶ã",true,"New video on YouTube right now!!! - itzshauni

Itzshauni@bytesizedtalent.com","https://p16-sign-va.tiktokcdn.com/tos-maliva-avt-0068/0b7ca7fedecb3839b61c49fd208993a5~c5_1080x1080.jpeg?x-expires=1619708400&x-signature=VOJMGby8NX1Vf3mbKliHoYBf%2B68%3D",162,11800000,385400000,4052,34700,"6941350506287647493","Body","Russ Millions & Tion Wayne",false,"Body","https://sf77-ies-music-sg.tiktokcdn.com/obj/tiktok-obj/bf4db922d9b960c3b3dee7b950557c3d.mp3","https://p16-sg.tiktokcdn.com/aweme/100x100/tos-alisg-v-2102/741202540336416fa43736806e7a6d79.jpeg","https://p16-sg.tiktokcdn.com/aweme/200x200/tos-alisg-v-2102/741202540336416fa43736806e7a6d79.jpeg","https://p16-sg.tiktokcdn.com/aweme/720x720/tos-alisg-v-2102/741202540336416fa43736806e7a6d79.jpeg",6,"https://p16-sign-va.tiktokcdn.com/obj/tos-maliva-p-0068/7f24f82a59684af4a836dea080adcd91?x-expires=1619643600&x-signature=f62nINF9iV7PdlhWP1TVApJn0KM%3D","https://p16-sign-va.tiktokcdn.com/obj/tos-maliva-p-0068/8d5e9911a2584582ac731b10c0a87145_1618763283?x-expires=1619643600&x-signature=JN6gcIZwj5lO%2B4Imnbaq3CjfNKg%3D","https://p16-sign-va.tiktokcdn.com/obj/tos-maliva-p-0068/3db16dcb36a94b61a7413e68dec4a0ab_1618763283?x-expires=1619643600&x-signature=%2BmeJk2Cf1%2BXZPmbTPK4aTGt5M%2BM%3D","https://www.tiktok.com/@itzshauni/video/6952535338459860230","https://v77.tiktokcdn.com/44db1b51f9b1484d1d11300e9c5dda6d/6089d2d0/video/tos/useast2a/tos-useast2a-pve-0068/6448a348eaa94974aa59a84ac81d425a/?a=1233&br=1926&bt=963&cd=0%7C0%7C1&ch=0&cr=0&cs=0&cv=1&dr=0&ds=3&er=&l=202104281524530101880322235E096D1D&lr=tiktok_m&mime_type=video_mp4&net=0&pl=0&qs=0&rc=ajRnNGg5bHQ4NDMzNzczM0ApZjs4NzM1ZDw5N2U1Z2Y8NmdybW9hYTQvb3JgLS1kMTZzczYzYDVeYjQtYTNiM2E1Ll46Yw%3D%3D&vl=&vr=","","",1024,576,43,620000,2310,4700000,1067,false,"[]","[{""id"":""47298"",""name"":""transition"",""title"":"""",""cover"":""""},{""id"":""8166"",""name"":""tutorial"",""title"":""#AprendeEnTikTok c√≥mo hacer lo que sea! Mu√©stranos un #Tutorial que tenemos que aprender! üôå"",""cover"":""https://p16-amd-va.tiktokcdn.com/obj/musically-maliva-obj/eca4f0ac54dc4ed1b2cf76ee6566cdc0""}]"